Workbook

Sheet Scenario_Summary
A1: StudySmart AI - Scenario Summary
A3: Feature note: Importance Variation uses CV = STDEV.P(importance) / AVERAGE(importance).
A5: Scenario | B5: Available Time | C5: Total Required Time | D5: Time Pressure Ratio | E5: Deadline Tightness | F5: Importance Variation | G5: Average Difficulty | H5: Classified Type
A6: Scenario 1: Low-pressure / Balanced | B6: =S1_LowPressure!B3 -> 28 | C6: =S1_LowPressure!B5 -> 32 | D6: =S1_LowPressure!B7 -> 1.1428571 | E6: =S1_LowPressure!B12 -> 0 | F6: =S1_LowPressure!B10 -> 0.11731113 | G6: =S1_LowPressure!B13 -> 2.8 | H6: =S1_LowPressure!B14 -> Low-pressure / Balanced
A7: Scenario 2: High-pressure | B7: =S2_HighPressure!B3 -> 22 | C7: =S2_HighPressure!B5 -> 53 | D7: =S2_HighPressure!B7 -> 2.4090909 | E7: =S2_HighPressure!B12 -> 0.066666667 | F7: =S2_HighPressure!B10 -> 0.12076147 | G7: =S2_HighPressure!B13 -> 4.2666667 | H7: =S2_HighPressure!B14 -> High-pressure
A8: Scenario 3: Deadline-focused | B8: =S3_DeadlineFocused!B3 -> 24 | C8: =S3_DeadlineFocused!B5 -> 41 | D8: =S3_DeadlineFocused!B7 -> 1.7083333 | E8: =S3_DeadlineFocused!B12 -> 0.73333333 | F8: =S3_DeadlineFocused!B10 -> 0.11664237 | G8: =S3_DeadlineFocused!B13 -> 3.2 | H8: =S3_DeadlineFocused!B14 -> Deadline-focused
A9: Scenario 4: Importance-focused | B9: =S4_ImportanceFocused!B3 -> 26 | C9: =S4_ImportanceFocused!B5 -> 41 | D9: =S4_ImportanceFocused!B7 -> 1.5769231 | E9: =S4_ImportanceFocused!B12 -> 0 | F9: =S4_ImportanceFocused!B10 -> 0.399073 | G9: =S4_ImportanceFocused!B13 -> 3.2666667 | H9: =S4_ImportanceFocused!B14 -> Importance-focused

Sheet Classification_Rules
A1: Scenario Classification Rules
A3: Scenario Type | B3: Classification Criteria | C3: Threshold Reason
A4: High-pressure Scenario | B4: timePressureRatio >= 2.00, OR timePressureRatio >= 1.60 and averageDifficulty >= 4.00 | C4: 2.00 means available time is half or less of total required time. 1.60 means available time is about 62.5% of the workload, and difficulty >= 4.00 means tasks are generally difficult on a 1-5 scale.
A5: Deadline-focused Scenario | B5: deadlineTightness >= 0.50 and timePressureRatio < 2.00 | C5: At least half of the tasks are urgent, so deadline becomes the main planning factor.
A6: Importance-focused Scenario | B6: importanceVariation >= 0.30, deadlineTightness < 0.50, and timePressureRatio < 2.00 | C6: Importance CV of 0.30 means the standard deviation is at least 30% of the average importance, showing clear variation in task value.
A7: Low-pressure / Balanced Scenario | B7: Otherwise, OR timePressureRatio <= 1.30, deadlineTightness < 0.50, and averageDifficulty <= 3.50 | C7: The scenario does not have strong time pressure, deadline pressure, or importance variation.

Sheet Task_List
A1: Base Study-task List
A3: Task ID | B3: Task Name | C3: Course / Area | D3: Task Type | F3: Difficulty Level | I3: Importance Score
A4: T1 | B4: Attend Divide-and-Conquer Lecture | C4: Design and Analysis of Algorithm | D4: Lecture | F4: Level | G4: Meaning | I4: Score | J4: Meaning
A5: T2 | B5: Complete Greedy and DP Tutorial | C5: Design and Analysis of Algorithm | D5: Tutorial | F5: 1 | G5: Very easy | I5: 1-2 | J5: Very low importance; optional or small effect on academic performance.
A6: T3 | B6: Practice Algorithm Midterm Questions | C6: Design and Analysis of Algorithm | D6: Practice | F6: 2 | G6: Easy | I6: 3-4 | J6: Low importance; useful but not strongly linked to major assessment.
A7: T4 | B7: Finish StudySmart AI Algorithm Module | C7: Design and Analysis of Algorithm / C++ | D7: Assignment | F7: 3 | G7: Moderate | I7: 5-6 | J7: Moderate importance; supports learning or project progress.
A8: T5 | B8: Review ERD and Normalization Concepts | C8: Database | D8: Revision | F8: 4 | G8: Difficult | I8: 7-8 | J8: High importance; important for coursework, exams, coding, or project work.
A9: T6 | B9: Complete SQL Access Control Lab | C9: Database | D9: Practice | F9: 5 | G9: Very difficult | I9: 9-10 | J9: Very high importance; strongly related to major assessment, FYP, midterm, or final project quality.
A10: T7 | B10: Finish Database Project Report Section | C10: Database | D10: Assignment
A11: T8 | B11: Attend Database Group Project Meeting | C11: Database | D11: Assignment
A12: T9 | B12: Attend C++ File Handling Lecture | C12: C++ Programming | D12: Lecture
A13: T10 | B13: Debug C++ Menu and Input Handling | C13: C++ Programming | D13: Practice
A14: T11 | B14: Complete C++ Pointer and Vector Exercises | C14: C++ Programming | D14: Tutorial
A15: T12 | B15: Revise Software Engineering Design Principles | C15: Software Engineering | D15: Revision
A16: T13 | B16: Practice Use Case and Class Diagram Questions | C16: Software Engineering | D16: Practice
A17: T14 | B17: Complete FYP Thesis Submission Draft | C17: FYP | D17: Assignment
A18: T15 | B18: Prepare FYP Presentation and Supervisor Meeting | C18: FYP | D18: Assignment

Sheet S1_LowPressure
A1: Scenario 1: Low-pressure / Balanced
A2: Low time pressure, no urgent tasks, and manageable difficulty.
A3: Available Study Time | B3: 28 | K3: Criterion | L3: Value | M3: Result
A4: Number of Tasks | B4: =COUNTA(A18:A32) -> 15 | K4: timePressureRatio <= 1.30 | L4: =B7 -> 1.1428571 | M4: =IF(B7<=1.3,"Satisfied","Not satisfied") -> Satisfied
A5: Total Required Study Time | B5: =SUM(E18:E32) -> 32 | K5: deadlineTightness < 0.50 | L5: =B12 -> 0 | M5: =IF(B12<0.5,"Satisfied","Not satisfied") -> Satisfied
A6: Available Study Time (check) | B6: =B3 -> 28 | K6: averageDifficulty <= 3.50 | L6: =B13 -> 2.8 | M6: =IF(B13<=3.5,"Satisfied","Not satisfied") -> Satisfied
A7: Time Pressure Ratio | B7: =B5/B6 -> 1.1428571
A8: Average Importance | B8: =AVERAGE(F18:F32) -> 6.8666667
A9: Importance Std. Dev. | B9: =_xlfn.STDEV.P(F18:F32) -> 0.8055364
A10: Importance Variation (CV) | B10: =IFERROR(B9/B8,0) -> 0.11731113
A11: Urgent Task Count (Deadline <= 3) | B11: =COUNTIF(G18:G32,"<=3") -> 0
A12: Deadline Tightness | B12: =B11/B4 -> 0
A13: Average Difficulty | B13: =AVERAGE(H18:H32) -> 2.8
A14: Scenario Type | B14: =IF(OR(B7>=2,AND(B7>=1.6,B13>=4)),"High-pressure",IF(AND(B12>=0.5,B7<2),"Deadline-focused",IF(AND(B10>=0.3,B12<0.5,B7<2),"Importance-focused","Low-pressure / Balanced"))) -> Low-pressure / Balanced
A17: Task ID | B17: Task Name | C17: Course / Area | D17: Task Type | E17: Study Time | F17: Importance | G17: Deadline | H17: Difficulty | I17: Urgent?
A18: T1 | B18: Attend Divide-and-Conquer Lecture | C18: Design and Analysis of Algorithm | D18: Lecture | E18: 2 | F18: 7 | G18: 7 | H18: 3 | I18: =IF(G18<=3,"Yes","No") -> No
A19: T2 | B19: Complete Greedy and DP Tutorial | C19: Design and Analysis of Algorithm | D19: Tutorial | E19: 2 | F19: 7 | G19: 6 | H19: 3 | I19: =IF(G19<=3,"Yes","No") -> No
A20: T3 | B20: Practice Algorithm Midterm Questions | C20: Design and Analysis of Algorithm | D20: Practice | E20: 2 | F20: 8 | G20: 8 | H20: 3 | I20: =IF(G20<=3,"Yes","No") -> No
A21: T4 | B21: Finish StudySmart AI Algorithm Module | C21: Design and Analysis of Algorithm / C++ | D21: Assignment | E21: 3 | F21: 8 | G21: 9 | H21: 3 | I21: =IF(G21<=3,"Yes","No") -> No
A22: T5 | B22: Review ERD and Normalization Concepts | C22: Database | D22: Revision | E22: 2 | F22: 7 | G22: 7 | H22: 3 | I22: =IF(G22<=3,"Yes","No") -> No
A23: T6 | B23: Complete SQL Access Control Lab | C23: Database | D23: Practice | E23: 2 | F23: 6 | G23: 6 | H23: 2 | I23: =IF(G23<=3,"Yes","No") -> No
A24: T7 | B24: Finish Database Project Report Section | C24: Database | D24: Assignment | E24: 3 | F24: 7 | G24: 8 | H24: 3 | I24: =IF(G24<=3,"Yes","No") -> No
A25: T8 | B25: Attend Database Group Project Meeting | C25: Database | D25: Assignment | E25: 1 | F25: 5 | G25: 5 | H25: 2 | I25: =IF(G25<=3,"Yes","No") -> No
A26: T9 | B26: Attend C++ File Handling Lecture | C26: C++ Programming | D26: Lecture | E26: 2 | F26: 6 | G26: 8 | H26: 2 | I26: =IF(G26<=3,"Yes","No") -> No
A27: T10 | B27: Debug C++ Menu and Input Handling | C27: C++ Programming | D27: Practice | E27: 2 | F27: 7 | G27: 7 | H27: 3 | I27: =IF(G27<=3,"Yes","No") -> No
A28: T11 | B28: Complete C++ Pointer and Vector Exercises | C28: C++ Programming | D28: Tutorial | E28: 2 | F28: 6 | G28: 6 | H28: 3 | I28: =IF(G28<=3,"Yes","No") -> No
A29: T12 | B29: Revise Software Engineering Design Principles | C29: Software Engineering | D29: Revision | E29: 2 | F29: 7 | G29: 9 | H29: 3 | I29: =IF(G29<=3,"Yes","No") -> No
... A32: T15 | B32: Prepare FYP Presentation and Supervisor Meeting | C32: FYP | D32: Assignment | E32: 2 | F32: 7 | G32: 9 | H32: 3 | I32: =IF(G32<=3,"Yes","No") -> No

Sheet S2_HighPressure
A1: Scenario 2: High-pressure
A2: Very high time pressure and high average difficulty.
A3: Available Study Time | B3: 22 | K3: Criterion | L3: Value | M3: Result
A4: Number of Tasks | B4: =COUNTA(A18:A32) -> 15 | K4: timePressureRatio >= 2.00 | L4: =B7 -> 2.4090909 | M4: =IF(B7>=2,"Satisfied","Not satisfied") -> Satisfied
A5: Total Required Study Time | B5: =SUM(E18:E32) -> 53 | K5: averageDifficulty >= 4.00 | L5: =B13 -> 4.2666667 | M5: =IF(B13>=4,"Also high","Not high") -> Also high
A6: Available Study Time (check) | B6: =B3 -> 22 | K6: deadlineTightness | L6: =B12 -> 0.066666667 | M6: =IF(B12<0.5,"Not deadline-focused","Deadline pressure exists") -> Not deadline-focused
A7: Time Pressure Ratio | B7: =B5/B6 -> 2.4090909
A8: Average Importance | B8: =AVERAGE(F18:F32) -> 8
A9: Importance Std. Dev. | B9: =_xlfn.STDEV.P(F18:F32) -> 0.96609178
A10: Importance Variation (CV) | B10: =IFERROR(B9/B8,0) -> 0.12076147
A11: Urgent Task Count (Deadline <= 3) | B11: =COUNTIF(G18:G32,"<=3") -> 1
A12: Deadline Tightness | B12: =B11/B4 -> 0.066666667
A13: Average Difficulty | B13: =AVERAGE(H18:H32) -> 4.2666667
A14: Scenario Type | B14: =IF(OR(B7>=2,AND(B7>=1.6,B13>=4)),"High-pressure",IF(AND(B12>=0.5,B7<2),"Deadline-focused",IF(AND(B10>=0.3,B12<0.5,B7<2),"Importance-focused","Low-pressure / Balanced"))) -> High-pressure
A17: Task ID | B17: Task Name | C17: Course / Area | D17: Task Type | E17: Study Time | F17: Importance | G17: Deadline | H17: Difficulty | I17: Urgent?
A18: T1 | B18: Attend Divide-and-Conquer Lecture | C18: Design and Analysis of Algorithm | D18: Lecture | E18: 3 | F18: 8 | G18: 5 | H18: 4 | I18: =IF(G18<=3,"Yes","No") -> No
A19: T2 | B19: Complete Greedy and DP Tutorial | C19: Design and Analysis of Algorithm | D19: Tutorial | E19: 4 | F19: 9 | G19: 4 | H19: 5 | I19: =IF(G19<=3,"Yes","No") -> No
A20: T3 | B20: Practice Algorithm Midterm Questions | C20: Design and Analysis of Algorithm | D20: Practice | E20: 4 | F20: 9 | G20: 3 | H20: 5 | I20: =IF(G20<=3,"Yes","No") -> Yes
A21: T4 | B21: Finish StudySmart AI Algorithm Module | C21: Design and Analysis of Algorithm / C++ | D21: Assignment | E21: 4 | F21: 8 | G21: 5 | H21: 4 | I21: =IF(G21<=3,"Yes","No") -> No
A22: T5 | B22: Review ERD and Normalization Concepts | C22: Database | D22: Revision | E22: 3 | F22: 8 | G22: 6 | H22: 4 | I22: =IF(G22<=3,"Yes","No") -> No
A23: T6 | B23: Complete SQL Access Control Lab | C23: Database | D23: Practice | E23: 3 | F23: 7 | G23: 4 | H23: 4 | I23: =IF(G23<=3,"Yes","No") -> No
A24: T7 | B24: Finish Database Project Report Section | C24: Database | D24: Assignment | E24: 4 | F24: 8 | G24: 5 | H24: 4 | I24: =IF(G24<=3,"Yes","No") -> No
A25: T8 | B25: Attend Database Group Project Meeting | C25: Database | D25: Assignment | E25: 2 | F25: 6 | G25: 6 | H25: 3 | I25: =IF(G25<=3,"Yes","No") -> No
A26: T9 | B26: Attend C++ File Handling Lecture | C26: C++ Programming | D26: Lecture | E26: 3 | F26: 7 | G26: 7 | H26: 4 | I26: =IF(G26<=3,"Yes","No") -> No
A27: T10 | B27: Debug C++ Menu and Input Handling | C27: C++ Programming | D27: Practice | E27: 4 | F27: 8 | G27: 5 | H27: 4 | I27: =IF(G27<=3,"Yes","No") -> No
A28: T11 | B28: Complete C++ Pointer and Vector Exercises | C28: C++ Programming | D28: Tutorial | E28: 3 | F28: 7 | G28: 6 | H28: 4 | I28: =IF(G28<=3,"Yes","No") -> No
A29: T12 | B29: Revise Software Engineering Design Principles | C29: Software Engineering | D29: Revision | E29: 3 | F29: 8 | G29: 7 | H29: 4 | I29: =IF(G29<=3,"Yes","No") -> No
... A32: T15 | B32: Prepare FYP Presentation and Supervisor Meeting | C32: FYP | D32: Assignment | E32: 4 | F32: 9 | G32: 5 | H32: 5 | I32: =IF(G32<=3,"Yes","No") -> No

Sheet S3_DeadlineFocused
A1: Scenario 3: Deadline-focused
A2: Most tasks are due within three days, so urgency dominates.
A3: Available Study Time | B3: 24 | K3: Criterion | L3: Value | M3: Result
A4: Number of Tasks | B4: =COUNTA(A18:A32) -> 15 | K4: deadlineTightness >= 0.50 | L4: =B12 -> 0.73333333 | M4: =IF(B12>=0.5,"Satisfied","Not satisfied") -> Satisfied
A5: Total Required Study Time | B5: =SUM(E18:E32) -> 41 | K5: timePressureRatio < 2.00 | L5: =B7 -> 1.7083333 | M5: =IF(B7<2,"Satisfied","Not satisfied") -> Satisfied
A6: Available Study Time (check) | B6: =B3 -> 24 | K6: importanceVariation | L6: =B10 -> 0.11664237 | M6: =IF(B10<0.3,"Not importance-focused","Importance-focused") -> Not importance-focused
A7: Time Pressure Ratio | B7: =B5/B6 -> 1.7083333
A8: Average Importance | B8: =AVERAGE(F18:F32) -> 7
A9: Importance Std. Dev. | B9: =_xlfn.STDEV.P(F18:F32) -> 0.81649658
A10: Importance Variation (CV) | B10: =IFERROR(B9/B8,0) -> 0.11664237
A11: Urgent Task Count (Deadline <= 3) | B11: =COUNTIF(G18:G32,"<=3") -> 11
A12: Deadline Tightness | B12: =B11/B4 -> 0.73333333
A13: Average Difficulty | B13: =AVERAGE(H18:H32) -> 3.2
A14: Scenario Type | B14: =IF(OR(B7>=2,AND(B7>=1.6,B13>=4)),"High-pressure",IF(AND(B12>=0.5,B7<2),"Deadline-focused",IF(AND(B10>=0.3,B12<0.5,B7<2),"Importance-focused","Low-pressure / Balanced"))) -> Deadline-focused
A17: Task ID | B17: Task Name | C17: Course / Area | D17: Task Type | E17: Study Time | F17: Importance | G17: Deadline | H17: Difficulty | I17: Urgent?
A18: T1 | B18: Attend Divide-and-Conquer Lecture | C18: Design and Analysis of Algorithm | D18: Lecture | E18: 3 | F18: 7 | G18: 2 | H18: 3 | I18: =IF(G18<=3,"Yes","No") -> Yes
A19: T2 | B19: Complete Greedy and DP Tutorial | C19: Design and Analysis of Algorithm | D19: Tutorial | E19: 3 | F19: 8 | G19: 2 | H19: 4 | I19: =IF(G19<=3,"Yes","No") -> Yes
A20: T3 | B20: Practice Algorithm Midterm Questions | C20: Design and Analysis of Algorithm | D20: Practice | E20: 2 | F20: 7 | G20: 1 | H20: 3 | I20: =IF(G20<=3,"Yes","No") -> Yes
A21: T4 | B21: Finish StudySmart AI Algorithm Module | C21: Design and Analysis of Algorithm / C++ | D21: Assignment | E21: 3 | F21: 8 | G21: 3 | H21: 4 | I21: =IF(G21<=3,"Yes","No") -> Yes
A22: T5 | B22: Review ERD and Normalization Concepts | C22: Database | D22: Revision | E22: 3 | F22: 7 | G22: 1 | H22: 3 | I22: =IF(G22<=3,"Yes","No") -> Yes
A23: T6 | B23: Complete SQL Access Control Lab | C23: Database | D23: Practice | E23: 2 | F23: 7 | G23: 2 | H23: 3 | I23: =IF(G23<=3,"Yes","No") -> Yes
A24: T7 | B24: Finish Database Project Report Section | C24: Database | D24: Assignment | E24: 3 | F24: 7 | G24: 3 | H24: 3 | I24: =IF(G24<=3,"Yes","No") -> Yes
A25: T8 | B25: Attend Database Group Project Meeting | C25: Database | D25: Assignment | E25: 2 | F25: 5 | G25: 2 | H25: 2 | I25: =IF(G25<=3,"Yes","No") -> Yes
A26: T9 | B26: Attend C++ File Handling Lecture | C26: C++ Programming | D26: Lecture | E26: 2 | F26: 6 | G26: 4 | H26: 3 | I26: =IF(G26<=3,"Yes","No") -> No
A27: T10 | B27: Debug C++ Menu and Input Handling | C27: C++ Programming | D27: Practice | E27: 3 | F27: 7 | G27: 3 | H27: 3 | I27: =IF(G27<=3,"Yes","No") -> Yes
A28: T11 | B28: Complete C++ Pointer and Vector Exercises | C28: C++ Programming | D28: Tutorial | E28: 2 | F28: 6 | G28: 5 | H28: 3 | I28: =IF(G28<=3,"Yes","No") -> No
A29: T12 | B29: Revise Software Engineering Design Principles | C29: Software Engineering | D29: Revision | E29: 3 | F29: 7 | G29: 4 | H29: 3 | I29: =IF(G29<=3,"Yes","No") -> No
... A32: T15 | B32: Prepare FYP Presentation and Supervisor Meeting | C32: FYP | D32: Assignment | E32: 3 | F32: 7 | G32: 5 | H32: 3 | I32: =IF(G32<=3,"Yes","No") -> No

Sheet S4_ImportanceFocused
A1: Scenario 4: Importance-focused
A2: Importance scores vary a lot, while deadlines are not urgent.
A3: Available Study Time | B3: 26 | K3: Criterion | L3: Value | M3: Result
A4: Number of Tasks | B4: =COUNTA(A18:A32) -> 15 | K4: importanceVariation >= 0.30 | L4: =B10 -> 0.399073 | M4: =IF(B10>=0.3,"Satisfied","Not satisfied") -> Satisfied
A5: Total Required Study Time | B5: =SUM(E18:E32) -> 41 | K5: deadlineTightness < 0.50 | L5: =B12 -> 0 | M5: =IF(B12<0.5,"Satisfied","Not satisfied") -> Satisfied
A6: Available Study Time (check) | B6: =B3 -> 26 | K6: timePressureRatio < 2.00 | L6: =B7 -> 1.5769231 | M6: =IF(B7<2,"Satisfied","Not satisfied") -> Satisfied
A7: Time Pressure Ratio | B7: =B5/B6 -> 1.5769231
A8: Average Importance | B8: =AVERAGE(F18:F32) -> 6
A9: Importance Std. Dev. | B9: =_xlfn.STDEV.P(F18:F32) -> 2.394438
A10: Importance Variation (CV) | B10: =IFERROR(B9/B8,0) -> 0.399073
A11: Urgent Task Count (Deadline <= 3) | B11: =COUNTIF(G18:G32,"<=3") -> 0
A12: Deadline Tightness | B12: =B11/B4 -> 0
A13: Average Difficulty | B13: =AVERAGE(H18:H32) -> 3.2666667
A14: Scenario Type | B14: =IF(OR(B7>=2,AND(B7>=1.6,B13>=4)),"High-pressure",IF(AND(B12>=0.5,B7<2),"Deadline-focused",IF(AND(B10>=0.3,B12<0.5,B7<2),"Importance-focused","Low-pressure / Balanced"))) -> Importance-focused
A17: Task ID | B17: Task Name | C17: Course / Area | D17: Task Type | E17: Study Time | F17: Importance | G17: Deadline | H17: Difficulty | I17: Urgent?
A18: T1 | B18: Attend Divide-and-Conquer Lecture | C18: Design and Analysis of Algorithm | D18: Lecture | E18: 3 | F18: 4 | G18: 6 | H18: 3 | I18: =IF(G18<=3,"Yes","No") -> No
A19: T2 | B19: Complete Greedy and DP Tutorial | C19: Design and Analysis of Algorithm | D19: Tutorial | E19: 2 | F19: 5 | G19: 5 | H19: 3 | I19: =IF(G19<=3,"Yes","No") -> No
A20: T3 | B20: Practice Algorithm Midterm Questions | C20: Design and Analysis of Algorithm | D20: Practice | E20: 3 | F20: 10 | G20: 5 | H20: 4 | I20: =IF(G20<=3,"Yes","No") -> No
A21: T4 | B21: Finish StudySmart AI Algorithm Module | C21: Design and Analysis of Algorithm / C++ | D21: Assignment | E21: 3 | F21: 6 | G21: 7 | H21: 3 | I21: =IF(G21<=3,"Yes","No") -> No
A22: T5 | B22: Review ERD and Normalization Concepts | C22: Database | D22: Revision | E22: 2 | F22: 4 | G22: 6 | H22: 3 | I22: =IF(G22<=3,"Yes","No") -> No
A23: T6 | B23: Complete SQL Access Control Lab | C23: Database | D23: Practice | E23: 2 | F23: 5 | G23: 8 | H23: 3 | I23: =IF(G23<=3,"Yes","No") -> No
A24: T7 | B24: Finish Database Project Report Section | C24: Database | D24: Assignment | E24: 3 | F24: 3 | G24: 7 | H24: 3 | I24: =IF(G24<=3,"Yes","No") -> No
A25: T8 | B25: Attend Database Group Project Meeting | C25: Database | D25: Assignment | E25: 2 | F25: 4 | G25: 8 | H25: 2 | I25: =IF(G25<=3,"Yes","No") -> No
A26: T9 | B26: Attend C++ File Handling Lecture | C26: C++ Programming | D26: Lecture | E26: 2 | F26: 5 | G26: 9 | H26: 3 | I26: =IF(G26<=3,"Yes","No") -> No
A27: T10 | B27: Debug C++ Menu and Input Handling | C27: C++ Programming | D27: Practice | E27: 3 | F27: 6 | G27: 6 | H27: 3 | I27: =IF(G27<=3,"Yes","No") -> No
A28: T11 | B28: Complete C++ Pointer and Vector Exercises | C28: C++ Programming | D28: Tutorial | E28: 2 | F28: 4 | G28: 7 | H28: 3 | I28: =IF(G28<=3,"Yes","No") -> No
A29: T12 | B29: Revise Software Engineering Design Principles | C29: Software Engineering | D29: Revision | E29: 3 | F29: 5 | G29: 9 | H29: 3 | I29: =IF(G29<=3,"Yes","No") -> No
... A32: T15 | B32: Prepare FYP Presentation and Supervisor Meeting | C32: FYP | D32: Assignment | E32: 3 | F32: 9 | G32: 7 | H32: 4 | I32: =IF(G32<=3,"Yes","No") -> No
